ID_VOLUNTARIOS;ID_ACTIVIDAD;nombre;apellido;edad;dni;domicilio;telefono;fecha_ingreso
1;4;Martín;Torres;32;111111111;Moldes;1223093;20200103
2;4;Giuliana ;Rosato;23;222222222;Ituzaingó;34123912;20200103
3;4;Gonzalo;Tapia;29;33333333;Gutierrez;30941984;20200203
4;4;Antonella;Polosello;29;4444444;Gutierrez;309401934;20200204
5;4;Sergio;Lacón;60;555555;Barrio las Viñas;209320932;20070130
6;4;Sabrina;Ugo;30;66666;Castellanos 111;203940923;20210523
7;1;Juan Pablo;Peralta;29;6666;kjkjhk;34981982;20210506
8;1;Mailen ;Zabala;20;666666;25 de mayo;290900493;20220415
9;3;Sergio;Martinez;55;999999999;Pasaje Guzante;30943023;20190204
10;3;Marcela;Fernandez;55;101010122;Pasaje Guzante;30919013;20190204
11;3;Daniela;Formica;60;1111111011;Sgto Cabral;932093203;20161101
12;2;Natacha;Sosa;29;33335181;Cipolleti;2618956;20180430
13;2;Lucas ;Lucero;29;998989;JJPASO;2198135;20220425
